EMPLOYER,count
3I INFOTECH INC,4978
3S BUSINESS CORPORATION,53
4-SERV SOLUTIONS INC,236
8K MILES HEALTH CLOUD INC,467
8K MILES SOFTWARE SERVICES INC,37
8X8 INC,12
A1 KAISER INC,11
A10 NETWORKS INC,22
A9COM INC,31
ABAL TECHNOLOGIES INC,398
ABB INC,30
ABBOTT LABORATORIES,428
ABBVIE INC,115
ACCENTURE LLP,6716
ACCENZ LLC,6
ACCION LABS US INC,34
ACI INFOTECH INC,469
ACI WORLDWIDE CORP,221
ACTIVE ENTERPRISE SOLUTIONS LLC,242
ACXIOM CORPORATION,272
ADAEQUARE INC,30
ADI WORLDLINK LLC,38
ADIENT US LLC,26
ADOBE INC,274
ADOBE SYSTEMS INCORPORATED,2880
ADP TECHNOLOGY SERVICES INC,1316
ADROIT ASSOCIATES INC,614
ADROIX CORP,68
ADS ALLIANCE DATA SYSTEMS INC,23
ADVANCED MICRO DEVICES INC,848
ADVANSOFT INTERNATIONAL INC,511
ADVISEAN LLC,250
AETNA RESOURCES LLC,191
AGILENT TECHNOLOGIES INC,260
AGREEYA SOLUTIONS INC,901
AIG EMPLOYEE SERVICES INC,31
AIRBNB INC,340
AIT GLOBAL INC,36
AKAMAI TECHNOLOGIES INC,3086
AKSHAYA INC,52
AKUNA CAPITAL LLC,228
AKVARR INC,23
ALBERT EINSTEIN COLLEGE OF MEDICINE,256
ALFA SERVICES USA INC,247
ALIXPARTNERS LLP,45
ALLIED BUSINESS CONSULTING INC,21
ALPHA CLINICAL SYSTEMS INC,34
ALPHA NET CONSULTING LLC,103
ALPHAVISTA SERVICES INC,37
ALTAIR ENGINEERING INC,63
ALTIMETRIK CORP,174
AMADEUS NORTH AMERICA INC,401
AMAZON DEVELOPMENT CENTER US INC,281
AMAZON ROBOTICS LLC,50
AMAZON WEB SERVICES INC,2528
AMAZONCOM SERVICES INC,80
AMAZONCOM SERVICES LLC,13226
AMDOCS INC,94
AMENSYS INC,86
AMERICAN AIRLINES INC,3388
AMERICAN EXPRESS COMPANY,74
AMERICAN EXPRESS TRAVEL RELATED SERVICES COMPANY INC,450
AMERICAN GENERAL LIFE INSURANCE COMPANY,54
AMERICAN INFORMATION TECHNOLOGY CORPORATION,428
AMERICAN INSTITUTES FOR RESEARCH,23
AMERICAN TECHNOLOGY CONSULTING LLC,424
AMERICLOUD SOLUTIONS INC,36
AMGEN INCORPORATED,732
AMNEAL PHARMACEUTICALS LLC,25
AMZUR TECHNOLOGIES INC,58
ANALOG DEVICES INC,773
ANALYSIS GROUP INC,64
ANDHUS TECHNOLOGIES INC,413
ANID INFOSOFT LLC,6
ANIRA SOLUTIONS INC,36
ANJS TECHNOLOGIES LLC,193
ANSYS INC,596
ANTHEM INC,5338
ANTRA INC,147
ANU SOFTWARE CONSULTANTS INC,12
APEX TECHNOLOGY GROUP INC,20
APLOMB TECHNOLOGIES INC,70
APPLAB SYSTEMS INC,932
APPLE INC,21910
APPLIED MATERIALS INC,3184
APPRIDAT SOLUTIONS LLC,58
APPS ASSOCIATES LLC,37
APPS SOLUTIONS INC,19
APPSBOAT INC,22
APPSTEK INC,139
APPTAD INC,432
APTIV CORPORATION,448
AQUA INFORMATION SYSTEMS INC,259
AR SYSTEMS INC,3
ARCHER DANIELS MIDLAND COMPANY,40
ARCUS TECHNOLOGIES DBA KAT TECH SYSTEMS INC,299
ARGUS INFORMATION AND ADVISORY SERVICES LLC,273
ARIBA INC,81
ARICENT TECHNOLOGIES (HOLDINGS) LTD,78
ARISTA NETWORKS INC,694
ARISTON TEK INC,400
ARIZONA STATE UNIVERSITY,707
ARKA TECHNOLOGIES INC,12
ARKSTEK INC,11
ARM INC,649
ARROW ELECTRONICS INC,520
ASML US LP,382
ASPEN TECHNOLOGY INC,242
ASPIRE SYSTEMS INC,57
ASTIR IT SOLUTIONS INC,232
ASTIR SERVICES LLC,38
ASTIR TECHNOLOGIES LLC,18
ASURION LLC,67
AT KEARNEY INC,15
AT&T SERVICES INC,1200
ATLASSIAN INC,492
ATOS IT SOLUTIONS AND SERVICES INC,31
ATOS SYNTEL INC,3882
AUDIBLE INC,85
AUTODESK INC,195
AUTOLIV ASP INC,28
AUTOZONE INC,28
AVANI SYSTEMS INC,16
AVANI TECHNOLOGY SOLUTIONS INC,58
AVANT SYSTEMS INC,39
AVAYA INC,269
AVCO CONSULTING INC,5396
AVNET INC,17
AXTRIA INC,91
AZEE SYSTEMS INC,1
AZTEK INC,169
BAHA INDUSTRIES CORP,549
BAIN & COMPANY INC,51
BAKER HUGHES INCORPORATED,173
BALTIMORE CITY PUBLIC SCHOOLS,417
BANK OF AMERICA NA,10454
BANK OF CHINA,30
BANK OF THE WEST,44
BARCLAYS BANK DELAWARE,488
BARCLAYS CAPITAL INC,61
BARCLAYS SERVICES CORP,436
BARCLAYS SERVICES LLC,106
BATTELLE MEMORIAL INSTITUTE,96
BAYLOR COLLEGE OF MEDICINE,2140
BAYSTATE MEDICAL PRACTICES INC,295
BB&T CORPORATION,270
BDO USA LLP,981
BDSN INTERNATIONAL INC,518
BECHTEL OIL GAS AND CHEMICALS INC,44
BECKMAN RESEARCH INSTITUTE OF THE CITY OF HOPE,243
BECTON DICKINSON AND COMPANY,1224
BED BATH & BEYOND INC,25
BELL INFO SOLUTIONS LLC,33
BEST BUY CO INC,46
BETH ISRAEL DEACONESS MEDICAL CENTER,6
BETH ISRAEL DEACONESS MEDICAL CENTER INC,296
BHRIGUS INC,15
BI LABS INC,35
BIOGEN INC,79
BIRLASOFT INC,4514
BIRLASOFT SOLUTIONS INC,110
BITWISE INC,88
BLACK & VEATCH CORPORATION,595
BLACKHAWK NETWORK INC,30
BLACKROCK FINANCIAL MANAGEMENT INC,926
BLOOMBERG LP,5800
BLUE CROSS AND BLUE SHIELD OF FLORIDA INC,25
BLUELINE SOFTWARE SERVICES INC,242
BOFA SECURITIES INC,249
BOSE CORPORATION,260
BP AMERICA INC,46
BRIGHAM AND WOMEN'S HOSPITAL,102
BRILLIO LLC,3802
BRISTOL-MYERS SQUIBB COMPANY,116
BROADCOM CORPORATION,1119
BROOKHAVEN NATIONAL LABORATORY,1046
BURNS & MCDONNELL ENGINEERING COMPANY INC,269
BYTEDANCE INC,278
C-VISION INC,40
CA INC,55
CADENCE DESIGN SYSTEMS INC,179
CALIFORNIA INSTITUTE OF TECHNOLOGY,62
CALIFORNIA INSTITUTE OF TECHNOLOGY/JET PROPULSION LABORATORY,235
CAMELOT INTEGRATED SOLUTIONS INC,61
CAPGEMINI AMERICA INC,6644
CAPGEMINI FINANCIAL SERVICES USA INC (LEGACY KANBAY),547
CAPITAL ONE NATIONAL ASSOCIATION,105
CAPITAL ONE SERVICES LLC,1124
CAPRUS IT INC,97
CARDINAL HEALTH INC,14
CAREER SOFT SOLUTIONS INC,63
CAREFUSION RESOURCES LLC,4
CAREMARK LLC,169
CARESOFT GLOBAL INC,251
CARNEGIE MELLON UNIVERSITY,57
CASE WESTERN RESERVE UNIVERSITY,87
CASPEX CORP,23
CATERPILLAR INC,780
CAVALIER IT INC,12
CBRE INC,440
CDM SMITH INC,210
CELLCO PARTNERSHIP,13
CENTAURUS TECHNOLOGY PARTNERS LLC,248
CENTERS FOR DISEASE CONTROL AND PREVENTION/DHHS,11
CENTRAPRISE CORP,630
CERNER CORPORATION,890
CGI TECHNOLOGIES AND SOLUTIONS INC,626
CHAGS HEALTH INFORMATION TECHNOLOGY LLC,250
CHARLES SCHWAB AND COMPANY INC,886
CHARTER COMMUNICATIONS INC,312
CHARTER GLOBAL INC,739
CHILDREN'S HOSPITAL CORPORATION,83
CHILDREN'S NATIONAL MEDICAL CENTER,287
CIBER GLOBAL LLC,284
CIGNA HEALTH AND LIFE INSURANCE COMPANY,1206
CIGNEX DATAMATICS INC,277
CIGNITI TECHNOLOGIES INC,134
CIMPRESS USA INCORPORATED,25
CINCINNATI CHILDREN'S HOSPITAL MEDICAL CENTER,493
CIRRUS LOGIC INC,3
CISCO SYSTEMS INC,1538
CITADEL INFORMATION SERVICES INC,6
CITADEL SECURITIES AMERICAS LLC,89
CITIBANK NA,1190
CITICORP CREDIT SERVICES INC (USA),58
CITIGROUP GLOBAL MARKETS INC,87
CITIGROUP TECHNOLOGY INC,12
CITIZENS FINANCIAL GROUP INC,478
CITRIX SYSTEMS INC,1156
CITY GURUS INC,21
CLASSROOM SUPPORT SERVICES LLC,16
CLEARLITE INC,316
CLEVELAND CLINIC,26
CLOUD BIG DATA TECHNOLOGIES LLC,11
CLOUD HUB IT SOLUTIONS INC,53
CLOUD SOURCE INC,7
CLOUDWICK TECHNOLOGIES INC,453
CNET GLOBAL SOLUTIONS INC,75
CNH INDUSTRIAL AMERICA LLC,217
COGENT INTEGRATED BUSINESS SOLUTIONS INC,258
COGNIZANT TECHNOLOGY SOLUTIONS US CORP,21246
COGNIZANT WORLDWIDE LIMITED,23
COHESITY INC,38
COLLABERA INC,80
COLLABORATE SOLUTIONS INC,364
COLUMBIA UNIVERSITY,2886
COMCAST CABLE COMMUNICATIONS LLC,5044
COMMVAULT SYSTEMS INC,518
COMPEST SOLUTIONS INC,253
COMPREHENSIVE HEALTH MANAGEMENT INC,24
COMPREHENSIVE RESOURCES INC,263
COMPROBASE INC,256
COMPUNNEL SOFTWARE GROUP INC,2212
COMPUSOFT INTEGRATED SOLUTIONS INC,268
COMPUTEK SOULUTIONS INC,357
COMSCORE INC,65
COMTEC CONSULTANTS INC,28
CONCH TECHNOLOGIES INC,35
CONCUR TECHNOLOGIES INC,500
CONGENSYS CORP,235
CONTINENTAL AUTOMOTIVE SYSTEMS INC,46
COOLSOFT LLC,89
CORNELL UNIVERSITY,728
COURSERA INC,39
COVANEX INC,207
COVANT SOLUTIONS INC,27
COX AUTOMOTIVE CORPORATE SERVICES LLC,129
CREDIT KARMA INC,444
CREDIT SUISSE SECURITIES (USA) LLC,3246
CREDIT SUISSE SERVICES (USA) LLC,506
CRESTTEK LLC,364
CRITICALRIVER INC,14
CSC CONSULTING INC,16
CSC COVANSYS CORPORATION,3524
CSC HOLDINGS LLC,29
CSTS TECHNOLOGIES INC,643
CUMMINS EMISSION SOLUTIONS INC,42
CUMMINS INC,1086
CVENT INC,291
CVS PHARMACY INC,731
CYBAGE SOFTWARE INC,1202
CYBERTHINK INC,482
CYGNUS PROFESSIONALS INC,291
CYGTEC INC,225
CYIENT INC,4904
CYPRESS SEMICONDUCTOR CORPORATION,468
DALLAS INDEPENDENT SCHOOL DISTRICT,320
DAMIAN CONSULTING INC,15
DANA-FARBER CANCER INSTITUTE,603
DARTMOUTH COLLEGE,27
DASSAULT SYSTEMES SIMULIA CORP,257
DATA INC,1126
DATA S SOLUTIONS LLC,448
DATA SYSTEMS INTEGRATION GROUP INC,34
DATA WAREHOUSE LABS INC,506
DATABOSS INTERNATIONAL CORP,287
DATABRICKS INC,43
DATAMATICS GLOBAL SERVICES INC,21
DATAMETRICS SOFTWARE SYSTEMS INC,21
DATAQUEST CORP,53
DATASERV INC,28
DAVITA INC,55
DB GLOBAL TECHNOLOGY INC,60
DB USA CORE CORPORATION,704
DEEMSYS INC,43
DEERE & COMPANY,28
DELASOFT INC,761
DELL MARKETING LP,170
DELL PRODUCTS LP,442
DELL USA LP,428
DELOITTE & TOUCHE LLP,2174
DELOITTE CONSULTING LLP,9222
DELOITTE SERVICES LP,277
DELOITTE TAX LLP,788
DELPHI CORPORATION,356
DETROIT ENGINEERED PRODUCTS INC,505
DEUTSCHE BANK NEW YORK BRANCH,632
DEUTSCHE BANK SECURITIES INC,113
DFS CORPORATE SERVICES LLC,228
DGN TECHNOLOGIES INC,74
DIASPARK INC,170
DICE IT SOLUTIONS LLC,267
DIGIPULSE TECHNOLOGIES INC,21
DISCOVER PRODUCTS INC,2686
DISH NETWORK LLC,663
DIVERSANT LLC,1635
DIZER CORP,50
DOCMATION LLC,6
DONATO TECHNOLOGIES INC,303
DOORDASH INC,58
DOTCOM TEAM LLC,118
DR TECHNOLOGIES INC,5
DROISYS INC,5
DROPBOX INC,124
DSBRIDGE CORP,8
DUKE UNIVERSITY AND MEDICAL CENTER,799
DW MATRIX INC,19
DW PRACTICE LLC,289
DXC TECHNOLOGY SERVICES LLC,527
DYNAMIC SOFTWARE CONSULTANTS INC,8
DYNPRO INC,173
E*TRADE FINANCIAL CORPORATION,234
E-DATA EXPERTS INC,248
E3 GLOBAL INC,241
EATEAM INC,611
EBATES PERFORMANCE MARKETING INC,26
EBAY INC,1156
EBS-MINDS IT INC,248
ECLINICALWORKS LLC,254
ECOLAB USA INC,17
ECOM CONSULTING INC,419
ECOM SOLUTIONS INC,19
ECONTENTI INC,37
EDUCATIONAL TESTING SERVICE,420
EGEN SOLUTIONS INC,69
ELAJIKA INC,444
ELAN TECHNOLOGIES INC,51
ELECTRONIC ARTS INC,112
ELI LILLY AND COMPANY,45
ELLIE MAE INC,48
EMC CORPORATION,488
EMETEORS INC,293
EMINENCE IT SOLUTIONS INC,280
EMINENT SOFTWARE SERVICES,34
EMORY UNIVERSITY,272
ENDURANCE GROUP INC,8
ENGINEERING TECHNOLOGY ASSOCIATES INC,41
ENIAC SYSTEMS INC,34
ENVIRONMENTAL SYSTEMS RESEARCH INSTITUTE INC,116
EPAM SYSTEMS INC,422
EPIC SYSTEMS CORPORATION,11
EQUIFAX INC,1248
ERICSSON INC,342
ERNST & YOUNG US LLP,11451
ERP ANALYSTS INC,5144
ESYSTEMS INC,42
ETEK IT SERVICES INC,422
ETOUCH SYSTEMS CORPORATION,103
EUCLID TECHNOLOGIES LLC,241
EUREKA INFOTECH INC,260
EVEREST COMPUTERS INC,26
EVEREST CONSULTING GROUP INC,61
EXILANT TECHNOLOGIES PRIVATE LIMITED,946
EXLSERVICECOM LLC,358
EXPEDENT CORP,646
EXPEDIA INC,233
EXPERIAN INFORMATION SOLUTIONS INC,277
EXPRESS SCRIPTS SERVICES CO,98
EXZAC INC,33
F5 NETWORKS INC,637
FACEBOOK INC,4942
FACTSET RESEARCH SYSTEMS INC,789
FAIR ISAAC CORPORATION,33
FANATICS RETAIL GROUP FULFILLMENT INC,240
FEDERAL HOME LOAN MORTGAGE CO,41
FEDERAL SOFT SYSTEMS INC,859
FEDEX CORPORATE SERVICES INC,470
FIDELITY BROKERAGE SERVICES LLC,113
FIDELITY TECHNOLOGY GROUP LLC,223
FINSOFT CONSULTANTS INC,280
FIREEYE INC,39
FIRST DATA TECHNOLOGIES INC,28
FIRST TEK DOS LLC,31
FIRST TEK INC,348
FIS MANAGEMENT SERVICES LLC,240
FISERV SOLUTIONS LLC,726
FLEXERA GLOBAL INC,447
FLEXTON INC,55
FLUOR ENTERPRISES INC,25
FOCUS IT INC,283
FOOD AND DRUG ADMINISTRATION HHS,9
FORD MOTOR COMPANY,2858
FORMAC INC,442
FORSYS INC,18
FORTINET INC,214
FRED HUTCHINSON CANCER RESEARCH CENTER,469
FRIENDLY CONSULTANTS INC,46
FRONTIER TECHNOLOGIES LLC,21
FUSION PLUS SOLUTIONS INC,66
FUTURETECH CONSULTANTS LLC,282
G3 INFOTEK INC,286
GALAXESOLUTIONS INC,2
GALAXY I TECHNOLOGIES INC,31
GALAXY SOFTWARE SOLUTIONS INC,279
GANNU SOFTWARE INC,246
GARTNER INC,460
GB TECH INC,261
GE HEALTHCARE IITS USA CORP,90
GEISINGER CLINIC,259
GENENTECH INC,691
GENERAL ELECTRIC COMPANY,70
GENERAL HOSPITAL CORPORATION,119
GENERAL MOTORS COMPANY,596
GENPACT LLC,804
GENUINEIT LLC,13
GEOMETRIC AMERICAS INC,498
GEORGE MASON UNIVERSITY,230
GEORGETOWN UNIVERSITY,337
GEORGIA INSTITUTE OF TECHNOLOGY,49
GEORGIA STATE UNIVERSITY,27
GILEAD SCIENCES INC,131
GLASSDOOR INC,26
GLOBAL EDGE SOFTWARE INC,296
GLOBAL INFOTECH INC,44
GLOBAL IT INC,313
GLOBAL SUMI TECHNOLOGIES INC,260
GLOBAL SYSTEMS LLC,219
GLOBAL TECHNOLOGY ASSOCIATES LLC,35
GLOBALFOUNDRIES US INC,3352
GLOBALLOGIC INC,557
GODADDYCOM LLC,74
GOLDMAN SACHS & CO LLC,2868
GOLDMAN SACHS SERVICES LLC,754
GOOGLE LLC,13190
GRAINGER MANAGEMENT LLC,48
GRANT THORNTON LLP,1140
GROUPON INC,54
GRUBHUB HOLDINGS INC,301
GSPANN TECHNOLOGIES INC,64
GSS INFOTECH CT INC,84
GSSR INC,406
GUIDEWIRE SOFTWARE INC,190
GULFSTREAM AEROSPACE CORPORATION,471
GVA INFOTECH INC,406
HADIAMONDSTAR SOFTWARE SOLUTIONS LLC,30
HALLIBURTON ENERGY SERVICES INC,688
HALLMARK GLOBAL TECHNOLOGIES INC,104
HARMAN CONNECTED SERVICES INC,627
HARMONIA HOLDINGS GROUP LLC,20
HARVARD UNIVERSITY,2426
HCL AMERICA INC,51828
HCL AMERICA SOLUTIONS INC,423
HEADSTRONG SERVICES LLC,388
HENRY FORD HEALTH SYSTEM,93
HERE NORTH AMERICA LLC,56
HERMITAGE INFO TECH LLC,262
HEWLETT PACKARD ENTERPRISE COMPANY,2852
HEXACORP LLC,490
HEXAWARE TECHNOLOGIES INC,13798
HIGHPOINT SOLUTIONS LLC,25
HINDSIGHT SOFTWARE SOLUTIONS INC,28
HM HEALTH SOLUTIONS INC,698
HOME DEPOT PRODUCT AUTHORITY LLC,161
HONEYWELL INTERNATIONAL INC,97
HORIZON SOFTECH INC,252
HORTONWORKS INC,427
HOUSTON INDEPENDENT SCHOOL DISTRICT,28
HOUZZ INC,234
HOWARD HUGHES MEDICAL INSTITUTE,71
HP INC,1270
HRTRONIX LLC,255
HSBC SECURITIES (USA) INC,263
HSK TECHNOLOGIES INC,10
HTC GLOBAL SERVICES INC,398
HUGHES NETWORK SYSTEMS LLC,734
HUMANA INC,302
I-LINK SOLUTIONS INC,599
I28 TECHNOLOGIES CORPORATION,784
I3 INFOTEK INC,348
IBM CORPORATION,4918
IBM INDIA PRIVATE LIMITED,67732
IBM INDIA PVT LTD,258
IBRAIN TECHNOLOGIES INC,241
ICAHN SCHOOL OF MEDICINE AT MOUNT SINAI,192
ICONSOFT INC,753
IDEXCEL INC,2710
IDRIL SERVICES CORPORATION,302
IFLOWSOFT SOLUTIONS INC,13
IIT JOBS INC,14
IKON SOFTWARE SERVICES,2
ILLUMINA INC,669
ILOGIC INC,8
IMCS GROUP INC,448
IMG SYSTEMS INC,279
IMPETUS TECHNOLOGIES INC,41
INCANDESCENT TECHNOLOGIES INC,26
INCEDO INC,42
INDEED INC,151
INDIANA UNIVERSITY,611
INFI SYSTEMS LLC,308
INFO SERVICES LLC,52
INFOBAHN SOFTWORLD INC,18
INFOBIZ SYSTEMS LLC,500
INFOGAIN CORPORATION,91
INFOLOB SOLUTIONS INC,55
INFOMATICS CORP,513
INFOMERICA INC,39
INFOR (US) INC,673
INFORMATICA LLC,97
INFORMATION RESOURCES INC,257
INFOSOFT INC,14
INFOSTRETCH CORPORATION,89
INFOSYS LIMITED,11096
INFOTECH PRISM LLC,408
INFOVILLE INC,26
INNOVATIVE INTELLIGENT SOLUTIONS LLC,64
INOVALON INC,969
INSPIRAGE LLC,30
INSURANCE SERVICES OFFICE INC,107
INTEL CORPORATION,1278
INTEL MOBILE COMMUNICATIONS NORTH AMERICA,442
INTELLECT BUSINESS SOLUTIONS LLC,20
INTELLISWIFT SOFTWARE INC,444
INTERCONTINENTAL EXCHANGE HOLDINGS INC,72
INTERNATIONAL BUSINESS MACHINES CORPORATION,4288
INTERNATIONAL TECHNOLOGY SOLUTIONS INC,569
INTERPRO INC,18
INTONE NETWORKS INC,170
INTRAEDGE INC,194
INTRIV INC,84
INTUIT INC,650
INTUITIVE SURGICAL OPERATIONS INC,501
INVOLGIXS INC,18
IOWA STATE UNIVERSITY OF SCIENCE AND TECHNOLOGY,57
IPIVOT LLC,432
IPOLARITY LLC,2878
IQ SPECTRA INC,9
IQVIA INC,146
ISITE TECHNOLOGIES INC,1216
ISPACE INC,52
ISTREAM SOLUTIONS INC,418
ISYNC SOLUTIONS INC,583
IT RESOURCES INC,652
IT TRAILBLAZERS LLC,25
ITC INFOTECH (USA) INC,3148
ITEAM INC,173
ITECH ANALYST CORP,343
ITECH US INC,178
ITELLIGENCE INC,82
ITRENDING SOLUTIONS LLC,178
JACOBS ENGINEERING GROUP INC,68
JADE GLOBAL INC,31
JAVEN TECHNOLOGIES INC,243
JB HUNT TRANSPORT INC,48
JEAN MARTIN INC,448
JEFFERIES LLC,399
JNIT TECHNOLOGIES INC,124
JOHN HANCOCK LIFE INSURANCE COMPANY (USA),36
JOHNS HOPKINS UNIVERSITY,957
JOHNSON CONTROLS INC,46
JPMORGAN CHASE & CO,3188
JRD SYSTEMS INC,293
JSMN INTERNATIONAL INC,262
JUNIPER NETWORKS (US) INC,555
JUNIPER NETWORKS INC,216
KA-SAPSOLUTIONS INC,2
KAIROS TECHNOLOGIES INC,64
KANAP SYSTEMSLLC,258
KANSAS STATE UNIVERSITY,22
KARMA AUTOMOTIVE LLC,240
KARWELL TECHNOLOGIIES INC,33
KASTECH SOLUTIONS LLC,79
KELLTON TECH INC,1028
KENSINGTON INFORMATION GROUP INC,8
KENT STATE UNIVERSITY,277
KEY BUSINESS SOLUTIONS INC,267
KEYPIXEL SOFTWARE SOLUTIONS LLC,57
KEYSIGHT TECHNOLOGIES INC,83
KJ INFO LLC,338
KMK CONSULTING INC,255
KNOWLEDGE RESOURCES GROUP INC,234
KOHL'S DEPARTMENT STORES INC,267
KOHLER COMPANY,4
KOLLASOFT INC,264
KPIT TECHNOLOGIES INC,142
KPMG LLP,1134
KRIDDHA TECHNOLOGIES INC,224
KRONSYS INC,16
KRYPTO IT SOLUTIONS INC,223
KYYBA INC,53
L&T TECHNOLOGY SERVICES LIMITED,1558
LAKSAN TECHNOLOGIES LLC,11
LAM RESEARCH CORPORATION,935
LANCESOFT INC,737
LANCO GLOBAL SYSTEMS INC,196
LARSEN & TOUBRO INFOTECH LIMITED,32022
LATENTVIEW ANALYTICS CORPORATION,681
LAWRENCE BERKELEY NATIONAL LABORATORY,667
LAWRENCE LIVERMORE NATIONAL SECURITY LLC,41
LEAD IT CORPORATION,126
LENDINGCLUB CORPORATION,683
LENMAR CONSULTING INC,15
LENORA SYSTEMS INC,16
LERA TECHNOLOGIES LLC,291
LEX NIMBLE SOLUTIONS INC,1290
LEXISNEXIS RISK SOLUTIONS INC,284
LEXISNEXIS USA,33
LHP SOFTWARE LLC,721
LIFE TECHNOLOGIES CORPORATION,391
LILAX TECHNOLOGIES INC,266
LINKEDIN CORPORATION,1440
LIVE NATION WORLDWIDE INC,49
LOGIC PLANET CS INC,844
LOGIC PLANET INC,140
LORSHI SYSTEMS LLC,1276
LORSIV TECHNOLOGIES INC,295
LORVEN APPLICATIONS INC,257
LOWE'S COMPANIES INC,663
LSU HEALTH SCIENCES CENTER,31
LUCENT IT SOLUTIONS LLC,245
LYFT INC,150
LYNXTECH GROUP LLC,9
M ARTHUR GENSLER JR & ASSOCIATES INC,59
M9 CONSULTING INC,25
MAANTIC INC,25
MACQUARIE HOLDINGS (USA) INC,51
MACY'S SYSTEMS AND TECHNOLOGY INC,443
MAGIC LEAP INC,60
MAIMONIDES MEDICAL CENTER,289
MAJESCO SOFTWARE AND SOLUTIONS INC,27
MAKEURCAREER LLC,12
MANHATTAN ASSOCIATES INC,38
MANSAI INC,419
MARGIN5 SOLUTIONS INC,12
MARKIT NORTH AMERICA INC,266
MARLABS INC,666
MARUTHI TECHNOLOGIES LLC,424
MARVELL SEMICONDUCTOR INC,135
MASSACHUSETTS INSTITUTE OF TECHNOLOGY,97
MASTECH INC A MASTECH HOLDINGS INC COMPANY,4096
MASTERCARD INTERNATIONAL INCORPORATED,247
MAVENSOFT TECHNOLOGIES LLC,135
MAXIM INTEGRATED PRODUCTS INC,73
MAXIMA CONSULTING INC,563
MAXLINEAR INC,21
MAXOTECH SOLUTIONS LLC,523
MAYO CLINIC,4612
MCKESSON CORPORATION,82
MCKINSEY & COMPANY INC UNITED STATES,1965
MEDALLIA INC,35
MEDICAL COLLEGE OF WISCONSIN,302
MEDICAL MANAGEMENT INTERNATIONAL INC,16
MEDICAL SCIENCE & COMPUTING LLC,247
MEDIDATA SOLUTIONS INC,297
MEDITERRANEAN SHIPPING COMPANY (USA) INC,25
MEDLINE INDUSTRIES INC,57
MEMORIAL SLOAN KETTERING CANCER CENTER,152
MEMORIAL SLOAN-KETTERING CANCER CENTER,1039
MENTOR GRAPHICS CORPORATION,224
MERCEDES-BENZ RESEARCH & DEVELOPMENT NORTH AMERICA INC,53
MERCK SHARP & DOHME CORP,75
MERCURY SYSTEMS INC,70
MERIDIANSOFT INC,29
MERKLE INC,72
MERRILL LYNCH,3168
METHODICA TECHNOLOGIES LLC,21
METLIFE GROUP INC,38
MIAMI UNIVERSITY,280
MICAN TECHNOLOGIES INC,45
MICHIGAN STATE UNIVERSITY,93
MICROCHIP TECHNOLOGY INC,538
MICROINFO INC,42
MICRON TECHNOLOGY INC,920
MICRONET IT SOLUTIONS INC,164
MICROSOFT CORPORATION,8556
MICROSTRATEGY INCORPORATED,24
MILLENNIUM INFO TECH INC,30
MILLENNIUM PHARMACEUTICALS INC,57
MILLENNIUM SOFTWARE INC,132
MINDTREE LIMITED,1668
MINTEX TECH INC,261
MISSISSIPPI STATE UNIVERSITY,283
MITCHELL INTERNATIONAL INC,24
MITCHELL/MARTIN INC,136
MOBILEIRON INC,213
MOLEX LLC,277
MONSANTO COMPANY,500
MONTEFIORE MEDICAL CENTER,88
MOODY'S ANALYTICS INC,126
MOODY'S INVESTORS SERVICE INC,39
MORGAN STANLEY & CO LLC,168
MORGAN STANLEY SERVICES GROUP INC,4962
MORGAN STANLEY SMITH BARNEY LLC,31
MORLOGIC INC,15
MOTOROLA MOBILITY LLC,38
MOTOROLA SOLUTIONS INC,706
MOUNT SINAI MEDICAL CENTER,311
MOURI TECH LLC,44
MPG OPERATIONS LLC,83
MPHASIS CORPORATION,1396
MPOWER LOGIC INC,268
MUFG UNION BANK NA,921
MULTIVISION INC,2
MUTEX SYSTEMS INC,15
MYTHRI CONSULTING LLC,89
NAGARRO INC,318
NALASHAA LLC,14
NAM TECHNOLOGIES INC,17
NAMITUS TECHNOLOGIES INC,516
NARTAL SYSTEMS INC,20
NATIONAL INSTITUTES OF HEALTH HHS,268
NATIONAL MEDICAL CARE INC A FRESENIUS MEDICAL CARE NA COMPANY,30
NATIONAL OILWELL VARCO LP,446
NATIONAL UNION FIRE INSURANCE COMPANY OF PITTSBURGH PA,16
NATIONSTAR MORTGAGE LLC,18
NATIONWIDE INSURANCE,85
NATSOFT CORPORATION,404
NAVITAS BUSINESS CONSULTING INC,10
NB VENTURES INC,117
NBCUNIVERSAL MEDIA LLC,36
NCR CORPORATION,79
NCS PEARSON INC,61
NEMO IT SOLUTIONS INC,111
NEO PRISM SOLUTIONS LLC,55
NESS USA INC,915
NETAPP INC,254
NETFLIX INC,123
NETROVERT SOFTWARE INC,276
NETVISION RESOURCES INC,17
NETWORK OBJECTS INC,23
NEUMERIC TECHNOLOGIES CORPORATION,696
NEUTRONIT INC,17
NEW YORK LIFE INSURANCE COMPANY,298
NEW YORK TECHNOLOGY PARTNERS INC,61
NEW YORK UNIVERSITY SCHOOL OF MEDICINE,801
NEXTGEN TECHNOLOGIES INC,17
NEXUS IT INC,13
NGA GROUP INC,12
NIAGARA BOTTLING LLC,64
NIC INFO TEK INC,892
NICIRA INC,405
NIIT TECHNOLOGIES LIMITED,496
NIKE INC,128
NINFO SYSTEMS INC,231
NISUM TECHNOLOGIES INC,242
NIXSOL INC,401
NOBLESOFT SOLUTIONS INC,106
NOKIA OF AMERICA CORPORATION,194
NOKIA SOLUTIONS AND NETWORKS US LLC,440
NORDSTROM INC,157
NORTECH NORTH AMERICA INC,26
NORTH CAROLINA STATE UNIVERSITY,715
NORTH POINT IT CORP,207
NORTHSTAR GROUP INC,30
NORTHWELL HEALTH,499
NORTHWESTERN UNIVERSITY,1079
NOVARTIS INSTITUTES FOR BIOMEDICAL RESEARCH INC,470
NOVARTIS PHARMACEUTICALS CORPORATION,412
NOVO PROSO INC,273
NTT DATA SERVICES LLC,3790
NUANCE COMMUNICATIONS INC,248
NUMBERS ONLY INC,26
NUTANIX INC,128
NVIDIA CORPORATION,616
NXP USA INC,649
O2 TECHNOLOGIES INC,300
OATH HOLDINGS INC,3128
OBERON IT INC,22
OBJECT FRONTIER INC,5
OBJECTS ON NET INC,251
OKTA INC,90
OMEGA SOLUTIONS INC,248
ONLY IT CONSULTING LLC,42
ONWARD TECHNOLOGIES INC,14
OPENBOX SOLUTIONS INC,12
OPENSOFT INC,232
OPENWAVE COMPUTING LLC,15
OPTUM SERVICES INC,502
OPULENTSOFT LLC,9
ORACLE AMERICA INC,706
ORACLE FINANCIAL SERVICES SOFTWARE INC,96
ORCHESTRA TECHNOLOGY INC,522
ORDUSION TECHNOLOGIES INC,175
OREGON HEALTH & SCIENCE UNIVERSITY,1086
OREGON STATE UNIVERSITY,417
ORION SYSTEMS INTEGRATORS LLC,246
ORPINE INC,821
OSLO SOLUTIONS LLC,7
OTIS IT INC,282
OVERSTOCKCOM INC,42
P2P SOFTTEK LLC,18
PACIFIC INVESTMENT MANAGEMENT COMPANY LLC,48
PALANTIR TECHNOLOGIES INC,55
PALO ALTO NETWORKS INC,1180
PANASONIC CORPORATION OF NORTH AMERICA,320
PANDORA MEDIA INC,264
PANTAR SOLUTIONS INC,33
PARAM CONSULTING SERVICES INC,31
PARAMOUNT GLOBAL SOLUTIONS INC,10
PARAMOUNT SOFTWARE SOLUTIONS,1
PARTNERS HEALTHCARE,452
PAYPAL INC,1402
PEGAFRAME INFOTECH INC,398
PEOPLE TECH GROUP INC,26
PEPSICOINC,1
PERFICIENT INC,2826
PERSISTENT SYSTEMS INC,482
PFIZER INC,47
PHILIPS NORTH AMERICA LLC,280
PHOTON INFOTECH INC,196
PINTEREST INC,819
PIONEER CONSULTING SERVICES LLC,177
POLARIS CONSULTING & SERVICES LTD,162
POLARIS CONSULTING AND SERVICES LTD,432
PPD DEVELOPMENT LP,106
PRABHAV SERVICES INC,255
PRESBYTERIAN HEALTHCARE SERVICES,325
PRICEWATERHOUSECOOPERS ADVISORY SERVICES LLC,1182
PRICEWATERHOUSECOOPERS LLP,946
PRIMUS GLOBAL SERVICES INC,299
PRINCIPLE INFORMATION TECHNOLOGY COMPANY,307
PRISM IT CORP,12
PRISTINE REHAB CARE LLC,37
PRITHVI AMERICAS INC,248
PRO-TEK CONSULTING,62
PROCAL TECHNOLOGIES INC,38
PRODWARE SOLUTIONS LLC,18
PROFESSIONAL ACCESS LTD,3
PROFICIENT BUSINESS SYSTEMS INC,73
PROKARMA INC,4596
PROMATRIX CORP,491
PROOFPOINT INC,37
PROS INC,235
PROSOFT TECHNOLOGIES INC,278
PROSOFT TECHNOLOGY GROUP INC,7
PROSPER MARKETPLACE INC,253
PROTECH SOLUTIONS INC,28
PTC INC,566
PURDUE UNIVERSITY,143
PURE STORAGE INC,707
PVR AMERICA INC,18
PVR TECHNOLOGIES INC,542
PYRAMID CONSULTING INC,701
PYRAMID TECHNOLOGY SOLUTIONS INC,154
QUADRANT RESOURCE LLC,505
QUALCOMM ATHEROS INC,95
QUALCOMM TECHNOLOGIES INC,1136
QUALYS INC,283
QUANTUM INTEGRATORS GROUP LLC,64
QUEST GLOBAL SERVICES- NA INC,414
QUEST GLOBAL SERVICES-NA INC,790
QUEST IT SOLUTIONS INC,22
QUICKEN LOANS INC,86
QUINNOX INC,380
RAAS INFOTEK LLC,252
RACAR ENGINEERING LLC,14
RACKSPACE US INC,585
RALLY HEALTH INC,31
RAMP TECHNOLOGY GROUP LLC,654
RAMPS INTERNATIONAL INC,28
RAMSAI SOFTWARE SOLUTIONS INC,23
RANDSTAD TECHNOLOGIES LLC,1740
RAPIDIT INC,442
RBC CAPITAL MARKETS LLC,557
RED HAT INC,74
REDEEMSOFT LLC,421
REGENERON PHARMACEUTICALS INC,464
REGENTS OF THE UNIVERSITY OF CALIFORNIA AT RIVERSIDE,26
REI SYSTEMS INC,62
RELIANCE GLOBAL SERVICES INC,466
RELYCOM INC,16
REVA CONSULTING INC,247
REVISION TECHNOLOGIES INC,5
RINGCENTRAL INC,42
RIOT GAMES INC,346
RITE PROS INC,53
RIVERBED TECHNOLOGY INC,58
RIVIAN AUTOMOTIVE LLC,189
RJT COMPUQUEST INC,190
ROBERT BOSCH LLC,96
ROCKWELL AUTOMATION INC,444
ROKU INC,58
ROUSH MANAGEMENT LLC,279
ROYAL TECHNOCRATS INC,251
RSM TECHNOLOGY SOLUTIONS INC,240
RSM US LLP,243
RUBRIK INC,42
RUTGERS THE STATE UNIVERSITY OF NEW JERSEY,823
SAAMA TECHNOLOGIES INC,524
SABRE GLBL INC,839
SAGATIANZ INC,5
SAGE IT INC,66
SAGITEC SOLUTIONS LLC,1192
SAIBERSYS INC,18
SAICON CONSULTANTS INC,418
SAIPSIT INC,22
SALESFORCECOM INC,2546
SAMSUNG AUSTIN SEMICONDUCTOR LLC,107
SAMSUNG ELECTRONICS AMERICA INC,64
SAMSUNG RESEARCH AMERICA INC,70
SAMSUNG SEMICONDUCTOR INC,84
SANDISK CORPORATION,381
SANFORD CLINIC NORTH,20
SANS SOLUTIONS ENTERPRISE INC,11
SANTANDER BANK NA,366
SAP AMERICA INC,646
SAP LABS LLC,2802
SAPIENT CORPORATION,3990
SAPOT SYSTEMS INC,35
SAPPHIRE SOFTWARE SOLUTIONS INC,578
SAPVIX INC,8
SARAS AMERICA INC,385
SARAYU CONSULTANTS INC,17
SAS INSTITUTE INC,55
SAT SOLUTIONS LLC,2
SATURN TECH LLC,25
SATYAM-VENTURE ENGINEERING SERVICES PVT LTD,103
SAVANTIS SOLUTIONS LLC,79
SAVI TECHNOLOGIES INC,42
SAVIN TECHNOLOGIES INC,269
SAXON GLOBAL INC,38
SBP CONSULTING INC,21
SCEPTER TECHNOLOGIES INC,693
SCHAEFFLER GROUP USA INC,292
SCHLUMBERGER TECHNOLOGY CORPORATION,360
SCHNEIDER ELECTRIC USA INC,76
SCHRILL TECHNOLOGIES INC,34
SCHWEITZER ENGINEERING LABORATORIES INC,408
SDLC MANAGEMENT INC,35
SEAGATE US LLC,71
SEARS HOLDINGS MANAGEMENT CORPORATION,822
SECURENET SYSTEMS CORPORATION,519
SECURONIX INC,248
SEL ENGINEERING SERVICES INC,40
SEMICONDUCTOR COMPONENTS INDUSTRIES LLC,76
SENA INFO TECHNOLOGIES INC,20
SERVESYS CORPORATION,396
SERVICENOW INC,570
SEVEN SEAS TECHNOLOGIES INC,23
SG AMERICAS SECURITIES LLC,44
SHINEWELL TECHNOLOGIES INC,20
SIEMENS ENERGY INC,166
SIEMENS INDUSTRY INC,40
SILICON STAFF IT SERVICES INC,27
SINGULAR ANALYSTS INC,471
SIRA CONSULTING INC,47
SIRI INFOSOLUTIONS INC,54
SKILLSIGHT INC,6
SKORUZ TECHNOLOGIES INC,10
SLACK TECHNOLOGIES INC,244
SLALOM LLC,133
SLASHSUPPORT INC,10
SLK AMERICA INC,368
SMALLBOARDCOM,7
SMART INFORMATION MANAGEMENT SYSTEMS INC,15
SMART IT FRAME LLC,4
SMART SOURCE TECHNOLOGIES INC,55
SMARTSOFT INTERNATIONAL INC,38
SNAP INC,175
SNW INFOTECH INC,267
SOFTCOM SYSTEMS INC,496
SOFTHQ,13
SOFTNICE INC,524
SOFTPATH SYSTEM LLC,21
SOFTPATH TECHNOLOGIES LLC,606
SOFTVISION LLC,841
SOFTWARE PROGRAMMING GROUP LLC,15
SOFTWARE TECHNOLOGY LABS INC,159
SOGETI USA LLC,461
SOHANIT INC,276
SONATA SOFTWARE NORTH AMERICA INC,581
SONY INTERACTIVE ENTERTAINMENT LLC,142
SOURCE MANTRA INC,262
SPARTA CONSULTING INC,540
SPECTRA GROUP INC,3
SPERIDIAN TECHNOLOGIES LLC,99
SPLUNK INC,718
SPOTIFY USA INC,465
SPRINT CORPORATION,92
SPRUCE TECHNOLOGY INC,80
SQA CONCEPTS INC,796
SQUARE INC,138
SREE INFOTECH LLC,52
SRI TECH SOLUTIONS INC,467
SRIVEN SYSTEMS INC,34
SRIVEN SYSTEMS OF TX INC,54
SRIVEN TECHNOLOGIES LLC,255
SRK SYSTEMS INC,62
SRS CONSULTING INC,2772
SSA TECH INC,267
ST BARNABAS HOSPITAL,561
ST JUDE CHILDREN'S RESEARCH HOSPITAL,774
ST LUKE'S-ROOSEVELT HOSPITAL CENTER,54
STANDAV CORP,54
STANSOURCE INC,19
STAPLES INC,1019
STARBUCKS COFFEE COMPANY,102
STAT9 TECHNOLOGIES INC,5
STATE STREET BANK AND TRUST COMPANY,3016
STATE UNIVERSITY OF NEW YORK AT BUFFALO,49
STELLENT SOLUTIONS INC,284
STEM XPERT LLC,2
STIAOS TECHNOLOGIES INC,26
STRATEGIC IT EXPERTS INC,26
STRATEGIC RESOURCES INTERNATIONAL INC,1368
STRATEGIC SYSTEMS INC,262
STUBHUB INC,444
SUCCESSFACTORSINC,1
SUDHI INFOMATICS INC,955
SUMMITWORKS TECHNOLOGIES INC,458
SUNRAY ENTERPRISE INC,30
SUNRISE INFOTEK CORP,14
SUNTECHPROS INC,8
SUPER MICRO COMPUTER INC,23
SUPERLOGIX INC,11
SV IT INC,249
SVAM INTERNATIONAL INC,443
SVK SYSTEMS INC,60
SVS TECHNOLOGIES LIMITED,268
SWANKTEK INC,917
SWIFT TECHNOLOGIES INC,243
SYMBIOUN TECHNOLOGIES INC,15
SYNAPSIS INC,252
SYNECHRON INC,1376
SYNERGY GLOBAL SYSTEMS INC,183
SYNERZY SOFTWARE SOLUTIONS INC,11
SYNOPSYS INC,121
SYNTEL CONSULTING INC,12866
SYRAINFOTEK LLC,46
SYSINTELLI INC,904
SYSTEM SOFT TECHNOLOGIES LLC,6014
SYSTIME COMPUTER CORPORATION,546
T-MOBILE USA INC,516
TABLEAU SOFTWARE INC,353
TABNER INC,71
TACHYON TECHNOLOGIES LLC,26
TALENT IT SERVICES INC,419
TANISHA SYSTEMS INC,69
TARGET ENTERPRISE INC,198
TASACOM TECHNOLOGIES INC,18
TATA CONSULTANCY SERVICES LIMITED,13626
TATA TECHNOLOGIES INC,91
TAVANT TECHNOLOGIES INC,2648
TE CONNECTIVITY CORPORATION,255
TECH MAHINDRA (AMERICAS) INC,3494
TECH MAHINDRA TECHNOLOGIES INC,242
TECH MATRIX INC,678
TECHASPECT SOLUTIONS INC,68
TECHDATA SERVICE COMPANY LLC,627
TECHDEMOCRACY LLC,839
TECHMAGIX INC,233
TECHMINDS GROUP LLC,177
TECHNIP USA INC,397
TECHNO-COMP INC,762
TECHNOGEN INC,465
TECHNOLOGY CONSULTANTS INC,16
TECHNOSOFT CORPORATION,3424
TECHNOSOFT ENGINEERING INC,42
TECHNOSOFT GROUP INC,21
TECHNUMEN INC,55
TECHPILLARS INC,668
TEK LEADERS INC,138
TEKCOMMANDS INC,174
TEKGENCE INC,33
TEKMARK GLOBAL SOLUTIONS LLC,14
TELECOM TECHNOLOGY SERVICES INC,86
TELLIGEN TECH INC,27
TEMPLE UNIVERSITY--A COMMONWEALTH UNIVERSITY,59
TERADATA OPERATIONS INC,88
TESLA INC,780
TEVA PHARMACEUTICALS USA INC,250
TEXAS A&M AGRILIFE RESEARCH,207
TEXAS A&M UNIVERSITY,876
TEXAS INSTRUMENTS INCORPORATED,148
TEXAS TECH UNIVERSITY,363
THE BANK OF NEW YORK MELLON,522
THE BLACKSTONE GROUP,271
THE BOSTON CONSULTING GROUP INC,824
THE BROAD INSTITUTE INC,285
THE CHILDREN'S HOSPITAL OF PHILADELPHIA,433
THE CURATORS OF THE UNIVERSITY OF MISSOURI,869
THE DOW CHEMICAL COMPANY,69
THE FLORIDA STATE UNIVERSITY,40
THE GAP INC,699
THE GUARDIAN LIFE INSURANCE COMPANY OF AMERICA,27
THE HUNTINGTON NATIONAL BANK,265
THE JOHNS HOPKINS UNIVERSITY,863
THE LELAND STANFORD JR UNIVERSITY,186
THE MATHWORKS INC,702
THE NEW YORK TIMES COMPANY,240
THE NIELSEN COMPANY (US) LLC,99
THE NORTHERN TRUST COMPANY,251
THE OHIO STATE UNIVERSITY,1049
THE OHIO UNIVERSITY,30
THE PENNSYLVANIA STATE UNIVERSITY,1029
THE PNC FINANCIAL SERVICES GROUP INC,492
THE PRUDENTIAL INSURANCE COMPANY OF AMERICA,80
THE SALK INSTITUTE FOR BIOLOGICAL STUDIES,188
THE SCRIPPS RESEARCH INSTITUTE,180
THE SHERWIN-WILLIAMS COMPANY,34
THE SIEGFRIED GROUP LLP,24
THE SPHERE INSTITUTE,259
THE TRUSTEES OF PRINCETON UNIVERSITY,876
THE UNIV OF ALA AT BIRMINGHAM (UAB),435
THE UNIVERSITY OF ARIZONA,142
THE UNIVERSITY OF CHICAGO,2228
THE UNIVERSITY OF GEORGIA,488
THE UNIVERSITY OF IOWA,1083
THE UNIVERSITY OF TENNESSEE,59
THE UNIVERSITY OF TENNESSEE HEALTH SCIENCE CENTER,526
THE UNIVERSITY OF TEXAS AT ARLINGTON,37
THE UNIVERSITY OF TEXAS AT AUSTIN,112
THE UNIVERSITY OF TEXAS HEALTH SCIENCE CENTER AT HOUSTON,593
THE UNIVERSITY OF TOLEDO,207
THE VANGUARD GROUP,56
THERMO FISHER SCIENTIFIC INC,100
THOMAS JEFFERSON UNIVERSITY,271
THOMAS JEFFERSON UNIVERSITY HOSPITAL,18
THORNTON TOMASETTI INC,266
THOUGHT BYTE INC,37
THUMBTACK INC,183
TIBCO SOFTWARE INC,863
TITAN TECHNOLOGIES INC,253
TNP SYSTEMS LLC,304
TORQUE TECHNOLOGIES LLC,39
TOWER RESEARCH CAPITAL LLC,229
TOWERS WATSON DELAWARE INC,263
TRANS AMERICAN INFORMATION SYSTEMS INC,29
TRANSAMERICA LIFE INSURANCE COMPANY,294
TRANSUNION LLC,103
TREDENCE INC,46
TRINGAPPS INC,11
TRIPADVISOR LLC,395
TRISYNC TECHNOLOGIES INC,22
TRUSTEES OF BOSTON UNIVERSITY,526
TRUSTEES OF THE UNIVERSITY OF PENNSYLVANIA,3100
TRUSTEK INC,20
TRW AUTOMOTIVE INC,917
TSQ SYSTEMS INC,16
TSYS ACQUIRING SOLUTIONS LLC,9
TSYS ACQURING SOLUTIONS LLC,1
TT TECHNOLOGIES INC,251
TWILIO INC,100
TWITCH INTERACTIVE INC,44
TWITTER INC,402
TWO SIGMA INVESTMENTS LP,54
UBER TECHNOLOGIES INC,862
UBS BUSINESS SOLUTIONS US LLC,159
UBS SECURITIES LLC,96
UCHICAGO ARGONNE LLC,473
UHCP D/B/A UPMC MEDICAL EDUCATION,81
UNIFY SOLUTIONS INC,60
UNITED HEALTHCARE SERVICES INC,270
UNITED SOFTWARE GROUP INC,63
UNIVERSITY OF ARKANSAS FOR MEDICAL SCIENCES,94
UNIVERSITY OF CALIFORNIA AT SANTA BARBARA,60
UNIVERSITY OF CALIFORNIA BERKELEY,84
UNIVERSITY OF CALIFORNIA DAVIS,90
UNIVERSITY OF CALIFORNIA IRVINE,393
UNIVERSITY OF CALIFORNIA LOS ANGELES,98
UNIVERSITY OF CALIFORNIA SAN DIEGO,124
UNIVERSITY OF CINCINNATI,379
UNIVERSITY OF COLORADO,174
UNIVERSITY OF DELAWARE,28
UNIVERSITY OF FLORIDA,120
UNIVERSITY OF HAWAII,291
UNIVERSITY OF HOUSTON SYSTEM,46
UNIVERSITY OF ILLINOIS,79
UNIVERSITY OF ILLINOIS AT CHICAGO,78
UNIVERSITY OF KENTUCKY,66
UNIVERSITY OF MARYLAND BALTIMORE,100
UNIVERSITY OF MASSACHUSETTS MEDICAL SCHOOL,63
UNIVERSITY OF MIAMI,538
UNIVERSITY OF MICHIGAN,514
UNIVERSITY OF MINNESOTA,114
UNIVERSITY OF MISSISSIPPI MEDICAL CENTER,454
UNIVERSITY OF NEVADA RENO,27
UNIVERSITY OF NORTH CAROLINA AT CHAPEL HILL,59
UNIVERSITY OF NOTRE DAME DU LAC,381
UNIVERSITY OF OKLAHOMA HEALTH SCIENCES CENTER,58
UNIVERSITY OF PITTSBURGH,1194
UNIVERSITY OF ROCHESTER,498
UNIVERSITY OF UTAH,116
UNIVERSITY OF VIRGINIA,74
UNIVERSITY OF WASHINGTON,83
URPAN TECHNOLOGIES INC,41
US BANK NATIONAL ASSOCIATION,243
USM BUSINESS SYSTEMS INC,1026
UT SOUTHWESTERN MEDICAL CENTER,592
UT-BATTELLE LLC (OAK RIDGE NATIONAL LABORATORY),94
V-SOFT CONSULTING GROUP INC,406
VALUE SOFTWARE PRODUCTS INC,114
VALUELABS INC,83
VALUEMOMENTUM INC,73
VANDERBILT UNIVERSITY,497
VASTIKA INC,722
VENSAR TECHNOLOGY INC,454
VENSIT CORP,265
VENSOFT SOLUTIONS INC,268
VENTOIS INC,3020
VENTURESOFT GLOBAL INC,19
VERIDIC SOLUTIONS LLC,177
VERINON TECHNOLOGY SOLUTIONS LTD,28
VERITAS TECHNOLOGIES LLC,63
VERIZON DATA SERVICES LLC,288
VERTEX PHARMACEUTICALS INCORPORATED,281
VERTIV INC,14
VIASAT INC,37
VINTECH SOLUTIONS INC,54
VIRGINIA POLYTECHNIC INSTITUTE & STATE UNIVERSITY,84
VIRGO INC,542
VIRTUAL MATRIX CORPORATION,219
VIRTUOSO TECHNOLOGIES INC,14
VIRTUSA CORPORATION,11348
VISA TECHNOLOGY & OPERATIONS LLC,389
VISA USA INC,566
VISION IT SERVICES USA INC,254
VISIONET SYSTEMS INC,782
VISTA APPLIED SOLUTIONS GROUP INC,101
VITECH SYSTEMS GROUP INC,288
VLINKINC,132
VMWARE INC,1482
VSLN INTERNATIONAL INC,12
VSQUARE INFOTECH INC,694
VTEKH INC,238
VYZER SOLUTIONS INC,598
W3GLOBAL INC,13
WAL-MART ASSOCIATES INC,3048
WASHINGTON UNIVERSITY IN ST LOUIS,1024
WAVE ERA INC,9
WAYFAIR LLC,1357
WAYMO LLC,569
WAYNE STATE UNIVERSITY,415
WAYNSYS INC,387
WE WORK MANAGEMENT LLC,455
WEATHERFORD INTERNATIONAL LLC,233
WEBILENT TECHNOLOGY INC,34
WEBJECT SYSTEMS INC,14
WEILL CORNELL MEDICAL COLLEGE,662
WELLS FARGO BANK NA,287
WEST VIRGINIA UNIVERSITY,365
WESTERN DIGITAL TECHNOLOGIES INC,1047
WESTERN UNION LLC,73
WHATSAPP INC,36
WHIRLPOOL CORPORATION,88
WILLIAMS-SONOMA INC,265
WINDYCITY TECHNOLOGIES INC,233
WIPRO LIMITED,3096
WISDOM INFOTECH LTD,2
WISE EQUATION SOLUTIONS INC,291
WM RICE UNIVERSITY,60
WOLTERS KLUWER UNITED STATES INC,298
WORKDAY INC,127
XAVIENT DIGITAL LLC,99
XCHANGING SOLUTIONS (USA) INC,265
XILINX INC,86
XORIANT CORPORATION,90
XTGLOBAL INC,13
YALE UNIVERSITY,254
YANA SOFTWARE INC,2
YASH & LUJAN CONSULTING INC,21
YASH TECHNOLOGIES INC,188
YBRANT TECHNOLOGIES LLC,3
YELP INC,1162
YOUNGSOFT INC,23
ZEN3 INFOSOLUTIONS AMERICA INC,438
ZENITH SERVICES INC,360
ZENSAR TECHNOLOGIES INC,112
ZILLOW INC,870
ZIMMER INC,206
ZOOX INC,307
ZS ASSOCIATES INC,230
ZUME IT INC,26
ZUORA INC,27
